Format, Read (s), Write (s)
csv,0.259662,0.17561
json,1.53002,1.49937
protobuf,0.130536,0.237836
toml,2.22812,2.19
xml,0.848833,1.73672
yaml,4.95619,5.69481
