Format, Read (s), Write (s)
csv,0.03064,0.021847
json,0.157675,0.131349
protobuf,0.014928,0.024782
toml,0.234943,0.216006
xml,0.11583,0.15932
yaml,0.479685,0.551466
